[TARDBP]	5 nM	20 nM	80 nM	320 nM	1300 nM
GTATG	1.0436	1.0042	0.9936	1.7383	3.2101
GTGTG	1.0228	1.0268	1.0090	1.5535	2.6649
GAATG	1.0203	1.0194	1.0036	1.4561	2.3439
TGTGT	1.0170	0.9700	0.9672	1.3556	2.1349
GAGTG	0.9956	1.0329	1.0175	1.3857	2.1101
AGTAT	1.0411	0.9843	0.9634	1.3200	1.9078
AGTGT	1.0210	0.9935	0.9839	1.2793	1.8869
TATGT	1.0286	0.9613	0.9439	1.2690	1.8572
ATGTG	1.0240	0.9973	0.9792	1.2840	1.8560
GTGTA	1.0267	0.9927	0.9808	1.2597	1.8142
TGTAT	1.0303	0.9485	0.9405	1.2550	1.8122
GTGAG	0.9974	1.0285	1.0128	1.2635	1.7871
ATGAG	1.0160	1.0273	1.0007	1.2936	1.7866
TGAGT	0.9865	0.9711	0.9785	1.2502	1.7557
TATGA	1.0404	1.0000	0.9741	1.2673	1.7551
ATGTA	1.0357	0.9801	0.9538	1.2361	1.7346
GAGTA	0.9926	1.0140	1.0026	1.2599	1.6915
ATGAA	1.0629	1.0238	0.9949	1.2621	1.6853
TGTGA	1.0203	0.9945	0.9840	1.2195	1.6642
GCATG	0.9976	1.0350	1.0026	1.2048	1.6323
TATGG	1.0419	1.0294	1.0045	1.2259	1.6290
GGTAT	1.0418	1.0240	0.9910	1.2183	1.6031
GGTGT	1.0200	1.0128	1.0014	1.1872	1.5757
GTGAA	1.0458	1.0226	1.0088	1.2141	1.5712
TGAAT	1.0343	0.9911	0.9736	1.1978	1.5694
GTGCG	0.9802	1.0055	1.0181	1.1776	1.5653
GCGTG	0.9806	1.0043	1.0159	1.1657	1.5603
AATGT	1.0298	0.9746	0.9544	1.1790	1.5577
AGTGA	1.0285	1.0231	1.0053	1.2032	1.5577
AATGA	1.0427	1.0126	0.9843	1.2090	1.5513
ATGGG	1.0581	1.0879	1.0389	1.2226	1.5441
GAGAG	0.9515	1.0517	1.0377	1.2299	1.5389
GTGTT	0.9884	0.9465	0.9473	1.1324	1.5304
AAGTG	1.0358	1.0175	1.0058	1.1915	1.5199
GGGTG	1.0488	1.0943	1.0556	1.2045	1.5188
AATGG	1.0448	1.0409	1.0093	1.1931	1.5148
AGAGT	1.0125	1.0321	1.0160	1.2037	1.5090
AAGTA	1.0550	1.0125	0.9859	1.1952	1.4923
TGGTA	1.0547	1.0198	0.9984	1.1690	1.4895
GTAAG	1.0359	1.0198	1.0031	1.1718	1.4805
TGTGG	1.0356	1.0200	1.0152	1.1546	1.4786
TGGTG	1.0248	1.0290	1.0067	1.1527	1.4747
TATGC	0.9970	1.0024	0.9810	1.1521	1.4670
ATGGT	1.0408	1.0069	0.9857	1.1501	1.4613
TGTGC	0.9840	0.9986	0.9916	1.1299	1.4609
GTTTG	0.9924	0.9442	0.9534	1.1072	1.4473
ATGTT	0.9952	0.9326	0.9212	1.1062	1.4425
GGGTA	1.0529	1.0991	1.0486	1.1954	1.4345
TGGGT	1.0512	1.0662	1.0337	1.1665	1.4264
GTATA	1.0459	1.0020	0.9667	1.1646	1.4173
AGAAT	1.0305	1.0429	1.0058	1.1967	1.4130
AGTGG	1.0407	1.0425	1.0295	1.1578	1.4049
TAGTG	1.0292	1.0091	0.9876	1.1245	1.3965
TGAGA	0.9406	1.0227	0.9973	1.1593	1.3946
TGAAG	1.0237	1.0166	1.0082	1.1486	1.3937
GTGGT	1.0398	1.0155	1.0088	1.1214	1.3926
ATGGA	1.0484	1.0343	1.0104	1.1514	1.3904
TGAGG	0.9736	1.0302	1.0111	1.1361	1.3895
TGATG	0.9824	0.9728	0.9676	1.1122	1.3885
TAGTA	1.0589	1.0022	0.9773	1.1437	1.3877
GGTGA	1.0363	1.0488	1.0176	1.1355	1.3823
AGGTA	1.0419	1.0382	1.0016	1.1410	1.3815
AGGTG	1.0126	1.0283	1.0064	1.1309	1.3805
AAGAG	1.0380	1.0664	1.0375	1.1915	1.3797
GGATG	1.0011	1.0182	1.0126	1.1302	1.3766
GAGAA	0.9185	1.0427	1.0197	1.1936	1.3763
GTGGG	1.0494	1.0790	1.0625	1.1485	1.3759
TTATG	0.9967	0.9533	0.9263	1.1010	1.3751
GTACG	0.9952	0.9979	1.0049	1.1095	1.3751
GATGT	0.9917	0.9717	0.9632	1.1009	1.3716
ATGCA	0.9972	1.0085	0.9777	1.1340	1.3690
ATATG	1.0407	1.0146	0.9738	1.1457	1.3685
GGGAG	0.9930	1.0678	1.0600	1.1625	1.3673
ATGCG	0.9776	1.0034	1.0004	1.1295	1.3647
TGGGA	1.0209	1.0593	1.0319	1.1489	1.3643
TGTAG	1.0340	0.9757	0.9901	1.1047	1.3616
GTGCA	0.9915	1.0169	0.9985	1.1150	1.3605
AGAGA	1.0013	1.0677	1.0406	1.1995	1.3556
GAAGT	1.0145	1.0052	1.0074	1.1346	1.3548
GAGGG	0.9975	1.0746	1.0530	1.1549	1.3511
GGAGT	1.0009	1.0250	1.0270	1.1294	1.3459
CGTGT	0.9645	0.9571	0.9836	1.0770	1.3438
GGAGA	1.0183	1.0713	1.0484	1.1639	1.3426
TTGTG	0.9974	0.9617	0.9564	1.0775	1.3406
TGGAG	1.0227	1.0410	1.0298	1.1292	1.3403
TGTTT	0.9754	0.9001	0.8920	1.0513	1.3399
GCGAG	0.9261	1.0118	1.0323	1.1145	1.3383
GGGAA	0.9958	1.0831	1.0526	1.1762	1.3363
TGTAA	1.0503	0.9850	0.9696	1.1179	1.3353
AGGGA	1.0356	1.0867	1.0481	1.1590	1.3322
GATGA	0.9986	1.0023	0.9912	1.1143	1.3307
GGTGG	1.0403	1.0617	1.0534	1.1236	1.3270
AGTGC	0.9877	1.0152	1.0016	1.1087	1.3243
AAGAA	1.1065	1.0853	1.0362	1.1901	1.3172
GTAGA	1.0588	1.0186	1.0145	1.1212	1.3114
GGAAG	1.0263	1.0454	1.0370	1.1347	1.3102
TGGGG	1.0534	1.1199	1.0879	1.1595	1.3057
GAGGT	0.9677	1.0158	1.0077	1.1032	1.3027
TGGAA	1.0639	1.0350	1.0190	1.1290	1.3017
GGGGG	1.0387	1.1313	1.1213	1.1746	1.2994
GGTAG	1.0536	1.0579	1.0384	1.1169	1.2985
AGAGG	1.0143	1.0796	1.0470	1.1530	1.2984
AAATG	1.0665	1.0361	0.9862	1.1405	1.2983
TGCGT	0.9719	0.9575	0.9738	1.0708	1.2979
GAAAG	1.0641	1.0647	1.0441	1.1563	1.2978
GTGGA	1.0349	1.0219	1.0247	1.1003	1.2939
CAGTG	1.0110	1.0159	1.0167	1.0936	1.2907
TAGAG	1.0434	1.0538	1.0301	1.1387	1.2865
TAGAA	1.1216	1.0613	1.0275	1.1553	1.2819
GGAAT	1.0197	1.0357	1.0142	1.1277	1.2792
GAAGA	1.0424	1.0486	1.0266	1.1311	1.2776
GTAGT	1.0273	0.9797	0.9882	1.0780	1.2761
AGGGG	1.0535	1.1204	1.0831	1.1586	1.2749
TGCAG	1.0148	1.0303	1.0209	1.1038	1.2747
AGATG	1.0016	1.0255	0.9905	1.1116	1.2745
GGGGA	1.0196	1.1137	1.0924	1.1572	1.2695
GGGGT	1.0563	1.1137	1.0790	1.1553	1.2687
GATGG	1.0231	1.0396	1.0198	1.1034	1.2683
AGAAG	1.0305	1.0544	1.0347	1.1459	1.2615
TGAAA	1.0890	1.0445	1.0050	1.1387	1.2604
AGGGT	1.0412	1.0669	1.0413	1.1153	1.2580
GCGTA	0.9915	0.9870	0.9983	1.0671	1.2565
AGGAG	1.0123	1.0473	1.0352	1.1158	1.2552
ATGAT	1.0303	0.9765	0.9541	1.0765	1.2550
GAGCG	0.9691	1.0188	1.0361	1.0782	1.2542
TGTTA	0.9975	0.9358	0.9204	1.0455	1.2541
TAATG	1.0205	0.9924	0.9611	1.0881	1.2534
CGAGT	0.8657	0.9680	0.9920	1.0686	1.2522
GTGAT	1.0217	1.0015	0.9769	1.0743	1.2486
GGTGC	0.9810	1.0247	1.0251	1.0808	1.2481
TTGAG	0.9686	0.9810	0.9725	1.0677	1.2479
TGCGA	0.9824	0.9975	1.0089	1.0774	1.2458
AGTAG	1.0309	1.0156	1.0100	1.1015	1.2455
TTGTA	1.0277	0.9423	0.9400	1.0574	1.2444
AGTAA	1.0556	1.0244	0.9905	1.1222	1.2434
AAGGG	1.0512	1.0836	1.0567	1.1285	1.2418
GGGGC	1.0034	1.1000	1.0813	1.1137	1.2413
AATGC	0.9972	1.0130	0.9913	1.0936	1.2385
TGTTG	0.9915	0.9522	0.9597	1.0367	1.2375
CAGTA	1.0224	1.0027	1.0000	1.0847	1.2372
GCGGG	0.9888	1.0644	1.0721	1.1042	1.2357
GAATA	1.0583	1.0453	1.0037	1.1355	1.2354
CATGT	0.9999	0.9670	0.9685	1.0501	1.2342
GAGGA	0.9674	1.0381	1.0310	1.1022	1.2325
GGGAT	1.0219	1.0887	1.0433	1.1174	1.2308
GGAGG	1.0015	1.0531	1.0513	1.0954	1.2295
GGTAA	1.0564	1.0452	1.0085	1.1034	1.2289
TAAGT	1.0302	0.9729	0.9641	1.0768	1.2270
AGGAA	1.0630	1.0623	1.0294	1.1203	1.2218
GCGCG	0.9417	0.9906	1.0345	1.0564	1.2181
GAGTT	0.9341	0.9598	0.9686	1.0569	1.2170
GCAGG	1.0158	1.0685	1.0473	1.0862	1.2157
GCGAA	1.0111	1.0210	1.0276	1.0760	1.2152
GAAGG	1.0185	1.0486	1.0359	1.0960	1.2152
TGCAT	0.9858	0.9886	0.9601	1.0507	1.2087
ATAGT	1.0666	1.0058	0.9843	1.0868	1.2084
GCAGT	0.9992	1.0068	1.0123	1.0654	1.2080
AAAGT	1.0755	1.0237	1.0028	1.1136	1.2076
TGAGC	0.9692	1.0101	1.0137	1.0569	1.2045
AGAAA	1.1185	1.1213	1.0447	1.1809	1.2030
CATGG	1.0108	1.0385	1.0118	1.0699	1.2026
GGAAA	1.0896	1.0945	1.0353	1.1387	1.2025
ATAGA	1.1101	1.0747	1.0290	1.1359	1.2015
GTAGG	1.0301	1.0351	1.0293	1.0643	1.1994
TATAG	1.0755	1.0360	1.0041	1.1128	1.1989
TTGAA	1.0412	0.9834	0.9693	1.0664	1.1962
GCAAG	1.0155	1.0292	1.0324	1.0835	1.1957
AGCGA	0.9999	1.0233	1.0248	1.0704	1.1916
GAGCA	0.9782	1.0303	1.0241	1.0789	1.1908
TTTGT	0.9984	0.9091	0.9040	1.0105	1.1870
GTATT	1.0051	0.9428	0.9247	1.0380	1.1861
TGCGG	0.9939	1.0224	1.0392	1.0774	1.1849
AATAG	1.0886	1.0570	1.0103	1.1223	1.1848
CATGA	1.0006	1.0053	0.9912	1.0595	1.1806
GTGGC	0.9663	1.0115	1.0224	1.0466	1.1801
TAGGG	1.0455	1.0845	1.0463	1.0961	1.1744
AAGGT	1.0311	1.0040	0.9956	1.0606	1.1737
TGCGC	0.9316	0.9848	1.0088	1.0460	1.1710
CTGTG	1.0076	1.0091	1.0234	1.0444	1.1701
GAAAA	1.1451	1.1298	1.0282	1.1558	1.1691
GGGTT	1.0209	1.0540	1.0312	1.0760	1.1684
GATAG	1.0547	1.0441	1.0158	1.0785	1.1674
GTAGC	0.9997	1.0094	1.0180	1.0520	1.1671
AGCGT	0.9843	0.9810	1.0003	1.0344	1.1665
AGCAG	1.0171	1.0456	1.0294	1.0790	1.1661
GCGCA	0.9660	1.0101	1.0142	1.0512	1.1653
ATAGG	1.0631	1.0654	1.0262	1.0949	1.1635
CGTAT	0.9834	0.9364	0.9629	1.0216	1.1630
GCGGT	0.9961	1.0001	1.0299	1.0388	1.1623
CAGGG	1.0201	1.0907	1.0646	1.0807	1.1619
ACGTG	0.9836	0.9765	0.9897	1.0368	1.1612
AAAGA	1.1094	1.0957	1.0412	1.1412	1.1599
GCAGA	1.0287	1.0501	1.0390	1.0829	1.1588
TATAT	1.0806	1.0077	0.9468	1.1092	1.1571
CGGTG	0.9822	1.0027	1.0346	1.0397	1.1562
GGCAG	0.9989	1.0503	1.0448	1.0558	1.1548
CAGAG	0.9841	1.0586	1.0471	1.0931	1.1538
AAAGG	1.0618	1.0663	1.0324	1.0959	1.1522
TTGGG	1.0378	1.0441	1.0239	1.0548	1.1517
TGGTT	1.0100	0.9686	0.9705	1.0234	1.1503
TGATA	1.0183	0.9872	0.9567	1.0536	1.1501
GAGAT	0.9481	1.0174	0.9897	1.0803	1.1492
GGGAC	0.9815	1.0454	1.0456	1.0624	1.1479
GTAAA	1.0834	1.0407	0.9945	1.0966	1.1474
ACGAG	0.9269	1.0000	1.0070	1.0529	1.1464
AAGCG	0.9977	1.0112	1.0261	1.0671	1.1461
GTTGT	0.9921	0.9381	0.9551	1.0032	1.1457
GGGCA	0.9822	1.0718	1.0428	1.0551	1.1402
GTTTA	0.9800	0.9201	0.9123	1.0071	1.1394
TAAGA	1.0774	1.0476	1.0049	1.0898	1.1393
ATGGC	0.9805	1.0248	1.0125	1.0447	1.1392
TAGGT	1.0393	1.0095	0.9915	1.0398	1.1378
GTTAT	0.9870	0.9341	0.9134	1.0096	1.1352
TGTAC	1.0128	0.9897	0.9878	1.0294	1.1345
GGAGC	0.9805	1.0195	1.0434	1.0498	1.1341
GGTTG	1.0102	1.0067	1.0170	1.0332	1.1333
TAGCG	0.9957	1.0125	1.0077	1.0383	1.1330
GTAAT	1.0332	0.9846	0.9593	1.0475	1.1324
AGCGG	1.0012	1.0357	1.0522	1.0626	1.1317
AGTTT	0.9792	0.9296	0.9188	1.0102	1.1312
CTGTA	1.0365	0.9841	1.0074	1.0385	1.1311
AAAAG	1.1226	1.1085	1.0308	1.1328	1.1310
GAAAT	1.0744	1.0522	0.9911	1.0996	1.1308
GGTTA	1.0250	1.0084	0.9843	1.0428	1.1298
GTTGA	0.9981	0.9771	0.9786	1.0208	1.1296
ATAAG	1.0648	1.0426	1.0056	1.0929	1.1295
TAAGG	1.0420	1.0299	1.0150	1.0595	1.1292
GTTAG	1.0131	0.9908	0.9742	1.0170	1.1289
CGGTA	1.0022	1.0102	1.0136	1.0395	1.1286
AGAGC	1.0037	1.0479	1.0378	1.0683	1.1279
GGTTT	1.0054	0.9677	0.9582	1.0198	1.1277
TGCAA	1.0292	1.0005	0.9949	1.0572	1.1270
AAGGA	1.0569	1.0474	1.0285	1.0745	1.1252
AGCAT	0.9980	1.0042	0.9772	1.0452	1.1243
CTGGG	0.9820	1.0870	1.0696	1.0818	1.1230
CGGGG	0.9475	1.0844	1.0858	1.0805	1.1205
TTTGG	1.0092	0.9865	0.9675	1.0152	1.1169
GTGCT	0.9981	0.9879	0.9947	1.0149	1.1166
ATGCT	1.0027	0.9907	0.9732	1.0318	1.1163
GAAGC	0.9692	1.0132	1.0201	1.0575	1.1152
CGGGT	0.9787	1.0619	1.0548	1.0559	1.1145
ACGGG	0.9943	1.0610	1.0480	1.0568	1.1139
GCTGG	1.0157	1.0518	1.0538	1.0438	1.1136
GGGCG	0.9648	1.0201	1.0433	1.0114	1.1135
CAATG	1.0050	0.9972	0.9917	1.0335	1.1130
GATGC	0.9135	0.9784	0.9846	1.0393	1.1127
TGCTG	1.0077	1.0173	1.0182	1.0308	1.1120
TTTGA	1.0063	0.9469	0.9339	1.0107	1.1119
GGGCC	0.9935	1.0642	1.0688	1.0538	1.1117
CAGAA	1.0596	1.0615	1.0468	1.0947	1.1112
GCAGC	0.9584	1.0210	1.0306	1.0393	1.1093
CAGCG	0.9771	1.0150	1.0353	1.0256	1.1085
CAGGT	1.0250	1.0255	1.0208	1.0342	1.1081
GAGGC	0.9209	1.0320	1.0261	1.0383	1.1074
CGAAT	0.9954	0.9922	0.9947	1.0335	1.1065
GGCGG	0.9880	1.0278	1.0601	1.0115	1.1057
GCTAG	1.0136	1.0370	1.0223	1.0397	1.1052
GTGCC	0.9176	0.9882	1.0051	1.0099	1.1046
AGTTA	0.9995	0.9644	0.9503	1.0285	1.1045
CAAGT	1.0097	0.9829	1.0017	1.0352	1.1043
TGGCG	0.9576	1.0039	1.0154	1.0016	1.1030
TGGGC	1.0145	1.0539	1.0424	1.0330	1.0987
GGCTG	1.0018	1.0068	1.0559	1.0291	1.0985
TTAGT	1.0143	0.9402	0.9320	1.0024	1.0982
ACGTA	0.9996	0.9700	0.9716	1.0192	1.0979
TGGCA	0.9304	1.0096	0.9971	1.0245	1.0974
GGCGA	0.9763	1.0129	1.0361	1.0137	1.0956
GCACG	0.9537	1.0052	1.0201	1.0157	1.0950
TTGGT	1.0176	0.9682	0.9671	1.0077	1.0949
GGTAC	1.0010	1.0314	1.0176	1.0379	1.0934
TAAAG	1.0670	1.0417	1.0081	1.0825	1.0931
GGATA	1.0575	1.0623	1.0145	1.0607	1.0930
AAGCA	1.0140	1.0245	1.0074	1.0623	1.0896
AGCGC	0.9463	0.9985	1.0180	1.0246	1.0889
ATATA	1.1004	1.0536	0.9790	1.1182	1.0875
GCTTG	0.9621	0.9787	1.0018	1.0147	1.0872
AGATA	1.0545	1.0407	0.9971	1.0803	1.0871
CGGGA	0.8937	1.0417	1.0405	1.0535	1.0871
GCTGT	1.0021	0.9769	1.0010	1.0042	1.0860
CGTGA	0.9526	0.9754	0.9924	1.0119	1.0851
GCGGA	1.0000	1.0178	1.0468	1.0367	1.0849
AGAAC	1.0547	1.0300	1.0395	1.0636	1.0823
AGTAC	1.0080	1.0082	1.0032	1.0419	1.0809
GAACG	1.0054	0.9928	1.0176	1.0225	1.0793
TGGAT	1.0486	1.0144	0.9990	1.0246	1.0790
AGGTT	1.0102	0.9880	0.9790	1.0096	1.0781
ACGAA	1.0414	1.0194	1.0134	1.0436	1.0781
ACAGG	1.0360	1.0603	1.0466	1.0563	1.0781
GCCAG	0.9807	1.0531	1.0544	1.0332	1.0777
CTATG	1.0110	1.0052	0.9998	1.0249	1.0775
GACTG	1.0300	0.9985	1.0388	1.0199	1.0767
GGCAT	0.9496	1.0193	0.9906	1.0134	1.0765
CATGC	0.9654	1.0049	0.9979	1.0222	1.0764
TTGCG	0.9545	0.9549	0.9767	0.9964	1.0751
AGTTG	0.9925	0.9714	0.9756	1.0143	1.0743
TAGCA	1.0246	1.0223	0.9999	1.0421	1.0737
GACAG	1.0028	1.0445	1.0341	1.0375	1.0725
GATAT	1.0299	0.9856	0.9563	1.0370	1.0711
TAGGA	1.0718	1.0399	1.0209	1.0409	1.0711
GGCGT	0.9636	0.9829	1.0114	0.9772	1.0708
CGGAG	0.9691	1.0216	1.0511	1.0369	1.0705
TATAA	1.1171	1.0552	0.9875	1.1060	1.0693
ATTGG	1.0414	1.0131	0.9957	1.0192	1.0691
CTGGT	1.0258	1.0253	1.0351	1.0240	1.0687
CCATG	0.9718	1.0179	1.0168	1.0165	1.0683
AGGCG	0.9664	1.0198	1.0289	1.0129	1.0681
AGGCA	0.9650	1.0404	1.0087	1.0254	1.0677
CGTGG	0.9693	0.9989	1.0234	1.0006	1.0672
TTTTG	0.9903	0.9286	0.8926	0.9657	1.0659
CTGAG	0.8827	1.0152	1.0203	1.0279	1.0638
ACATG	1.0068	0.9958	0.9864	1.0255	1.0624
ACAGT	1.0265	0.9861	0.9989	1.0243	1.0619
ACTGG	1.0444	1.0553	1.0510	1.0433	1.0617
AGGGC	0.9981	1.0601	1.0483	1.0234	1.0612
GATAA	1.0619	1.0367	0.9915	1.0596	1.0611
TGCTA	1.0110	0.9986	0.9790	1.0146	1.0607
GGGCT	1.0119	1.0312	1.0519	1.0081	1.0605
CGATG	0.9397	0.9727	0.9935	1.0022	1.0584
GGCAA	1.0119	1.0559	1.0287	1.0394	1.0583
CCAGG	0.9792	1.0708	1.0704	1.0355	1.0579
GGACT	1.0344	1.0007	1.0433	1.0155	1.0578
ATTGA	1.0246	0.9826	0.9584	1.0124	1.0565
GCATA	0.9977	1.0192	0.9778	1.0266	1.0543
GTTTT	0.9699	0.9113	0.8752	0.9576	1.0535
AAAAA	1.2528	1.2144	1.0428	1.1654	1.0529
GTTGC	0.9660	0.9722	0.9912	0.9922	1.0524
AATAT	1.0987	1.0344	0.9656	1.0815	1.0519
TACGA	1.0122	1.0034	0.9937	1.0119	1.0513
GCGGC	0.9266	0.9995	1.0460	0.9993	1.0509
GAATT	0.9918	0.9865	0.9580	1.0216	1.0495
AAGTT	1.0060	0.9541	0.9577	1.0110	1.0483
GGACA	0.9959	1.0179	1.0181	1.0182	1.0477
CGCGT	0.9397	0.9540	1.0059	0.9792	1.0476
ATTTG	1.0137	0.9566	0.9294	0.9971	1.0468
CTGCG	0.9662	1.0069	1.0397	1.0089	1.0462
ACGGT	1.0075	0.9953	1.0076	0.9972	1.0454
CAGGA	1.0229	1.0539	1.0451	1.0390	1.0451
GCTGA	0.9988	1.0164	1.0271	1.0110	1.0447
TATTG	1.0137	0.9560	0.9374	0.9902	1.0435
CCAGT	0.9773	1.0110	1.0363	1.0153	1.0425
GCGAT	0.9960	0.9955	1.0055	1.0012	1.0422
AAATA	1.1434	1.1001	0.9963	1.1127	1.0415
GCAAA	1.0591	1.0534	1.0256	1.0652	1.0407
CGCAG	0.9634	1.0154	1.0335	1.0151	1.0404
AGCAA	1.0376	1.0359	1.0241	1.0566	1.0390
ATTAG	1.0445	0.9917	0.9597	1.0178	1.0385
CGAGG	0.8507	0.9930	1.0112	1.0067	1.0383
GGAAC	1.0145	1.0212	1.0314	1.0289	1.0382
GTACA	1.0147	1.0023	0.9930	1.0226	1.0380
CGTGC	0.9385	0.9656	1.0028	0.9852	1.0369
GGCGC	0.8871	0.9820	1.0108	0.9811	1.0363
GGCCA	0.9844	1.0500	1.0515	1.0224	1.0361
CTAGT	1.0054	0.9883	0.9916	0.9996	1.0350
TACGG	1.0151	1.0263	1.0155	1.0137	1.0345
CGGAA	1.0133	1.0328	1.0346	1.0381	1.0341
AATAA	1.1278	1.0814	1.0032	1.1019	1.0330
CAGCA	0.9888	1.0330	1.0251	1.0240	1.0326
GCTGC	0.9669	0.9970	1.0259	1.0045	1.0313
ATAAA	1.1516	1.1049	1.0171	1.1173	1.0302
TGCAC	0.9262	0.9938	0.9929	1.0023	1.0300
AATTG	1.0485	1.0015	0.9675	1.0123	1.0291
GGCTA	1.0129	1.0363	1.0235	1.0127	1.0287
GTTAA	1.0166	0.9646	0.9489	1.0017	1.0282
GTGTC	0.9799	0.9631	0.9883	0.9774	1.0274
AGCTG	0.9970	1.0151	1.0212	1.0065	1.0272
ACAGA	1.0564	1.0575	1.0347	1.0572	1.0269
GTGAC	0.9628	0.9796	0.9932	0.9921	1.0268
AACAG	1.0516	1.0373	1.0284	1.0475	1.0244
CCGTG	0.8944	0.9835	1.0274	0.9974	1.0244
CGAAG	0.9653	1.0014	1.0176	1.0062	1.0241
TTAGA	1.0535	0.9999	0.9711	1.0139	1.0235
CATAG	1.0221	1.0204	1.0052	1.0148	1.0209
CAAGG	1.0113	1.0317	1.0323	1.0164	1.0207
GGCCC	0.8594	1.0402	1.0747	1.0180	1.0198
ACGCG	0.9368	0.9880	1.0196	0.9899	1.0183
ATAGC	1.0210	1.0302	1.0098	1.0306	1.0181
AAAAT	1.1892	1.1251	0.9999	1.1030	1.0180
TAGTT	1.0126	0.9471	0.9393	0.9788	1.0180
TTTAT	1.0219	0.9229	0.8779	0.9896	1.0178
CGTAG	0.9842	0.9866	1.0067	0.9884	1.0176
TACGT	0.9945	0.9566	0.9627	0.9772	1.0166
TGAAC	1.0269	0.9906	1.0120	1.0106	1.0164
AGGAT	1.0266	1.0363	1.0087	1.0200	1.0163
TTAAG	1.0179	0.9753	0.9534	1.0005	1.0157
AACGG	1.0138	1.0296	1.0259	1.0174	1.0154
TTGCA	0.9857	0.9706	0.9617	0.9813	1.0149
GTTGG	1.0019	0.9883	1.0058	0.9807	1.0140
CTGAA	1.0362	1.0205	1.0297	1.0251	1.0140
GAACA	1.0434	1.0271	1.0276	1.0373	1.0136
CAAAG	1.0434	1.0417	1.0391	1.0429	1.0134
ATGCC	0.8910	0.9969	1.0005	1.0012	1.0132
GAGAC	0.9203	1.0223	1.0121	1.0230	1.0124
TGGCC	0.9400	1.0258	1.0385	0.9971	1.0116
GAGCC	0.8994	1.0111	1.0330	1.0019	1.0115
TAGAT	1.0719	1.0073	0.9765	1.0190	1.0114
TTTGC	0.9690	0.9454	0.9416	0.9632	1.0110
CAAGA	1.0291	1.0399	1.0278	1.0384	1.0107
CGAGA	0.7687	0.9677	0.9831	1.0120	1.0101
TGCCA	0.9763	1.0001	1.0126	0.9915	1.0097
TTAGG	1.0182	1.0040	0.9753	0.9861	1.0083
GGACG	0.9600	0.9775	1.0175	0.9728	1.0080
TACAG	1.0396	1.0208	1.0058	1.0231	1.0074
GCCTG	0.8944	0.9980	1.0292	0.9826	1.0066
TTGGA	1.0395	1.0006	0.9922	0.9925	1.0061
CTGGA	1.0199	1.0376	1.0451	1.0131	1.0052
ACTAG	1.0416	1.0388	1.0251	1.0239	1.0045
ACTGT	1.0503	0.9867	1.0059	0.9869	1.0020
GCACA	0.9769	1.0201	1.0141	1.0096	1.0017
CCTGG	0.8961	1.0426	1.0515	1.0040	1.0016
GAGCT	0.9692	0.9771	1.0054	0.9749	1.0011
CAGGC	0.9691	1.0422	1.0436	0.9967	1.0007
ACGCA	0.9672	0.9947	0.9962	0.9946	1.0007
GACGG	0.9815	1.0063	1.0331	0.9826	1.0004
ACAAG	1.0372	1.0258	1.0194	1.0349	1.0003
CCGGG	0.8235	1.0723	1.0811	1.0327	1.0002
TAAGC	0.9975	1.0042	0.9998	1.0060	1.0002
GTAAC	1.0161	0.9984	1.0006	1.0041	0.9996
CCCAG	0.8876	1.0506	1.0816	1.0238	0.9996
GCCCC	0.8614	1.0524	1.1057	1.0276	0.9993
GAACT	1.0470	0.9752	1.0136	0.9875	0.9992
ATTGT	1.0309	0.9402	0.9357	0.9599	0.9992
CCCCC	0.9751	1.1295	1.2028	1.0837	0.9990
GCAAT	1.0127	0.9962	0.9891	1.0091	0.9988
TGGCT	0.9926	0.9963	1.0162	0.9810	0.9983
GCGCT	0.9500	0.9662	1.0044	0.9664	0.9979
TATTA	1.0562	0.9740	0.9233	1.0184	0.9977
CCCTG	0.8953	1.0393	1.0751	1.0100	0.9975
GCGTT	0.9473	0.9362	0.9643	0.9510	0.9974
ATAAT	1.0949	1.0322	0.9671	1.0568	0.9967
CTAGG	1.0288	1.0485	1.0413	1.0120	0.9958
GGCCG	0.9669	1.0269	1.0642	0.9831	0.9940
CTAGA	1.0244	1.0391	1.0237	1.0222	0.9921
AAAGC	1.0386	1.0540	1.0357	1.0454	0.9918
CTTGT	0.9633	0.9298	0.9562	0.9533	0.9918
TTATA	1.0597	0.9902	0.9342	1.0304	0.9913
CCAGA	0.9662	1.0705	1.0641	1.0351	0.9907
GGCCT	0.9640	0.9864	1.0161	0.9756	0.9898
CCAAG	0.9673	1.0265	1.0437	1.0070	0.9893
TTTAG	1.0067	0.9569	0.9181	0.9686	0.9893
CCAGC	0.9476	1.0297	1.0585	1.0007	0.9888
CACAG	1.0074	1.0370	1.0383	1.0127	0.9882
AACGA	1.0214	1.0106	1.0077	1.0069	0.9880
AAGAT	1.0758	1.0270	0.9964	1.0306	0.9880
TAGGC	0.9930	1.0327	1.0183	0.9859	0.9877
CGCGC	0.9061	0.9724	1.0305	0.9650	0.9864
CCTGT	0.9636	0.9949	1.0283	0.9787	0.9851
CTGCA	0.9941	1.0212	1.0269	1.0050	0.9849
TAATA	1.0978	1.0403	0.9758	1.0602	0.9845
TAAAT	1.1040	1.0309	0.9672	1.0467	0.9842
ACGGA	1.0242	1.0237	1.0292	1.0059	0.9838
TAAAA	1.1763	1.1196	1.0128	1.0957	0.9833
GCTAT	1.0001	0.9863	0.9714	0.9822	0.9831
CGCAT	0.9614	0.9816	0.9869	0.9705	0.9831
GCCGC	0.9190	0.9974	1.0531	0.9705	0.9830
GCCGG	0.9750	1.0264	1.0765	0.9821	0.9819
GGGTC	1.0251	1.0495	1.0610	1.0111	0.9816
AAGGC	0.9914	1.0320	1.0282	1.0029	0.9813
GTCTG	1.0042	0.9797	1.0114	0.9747	0.9812
GAAAC	1.0295	1.0410	1.0270	1.0381	0.9801
ACCAG	1.0025	1.0523	1.0477	1.0135	0.9796
TTGTT	0.9757	0.8977	0.8984	0.9280	0.9794
AATTA	1.0787	1.0101	0.9455	1.0316	0.9784
TACGC	0.9578	0.9958	0.9942	0.9760	0.9780
GTTAC	0.9821	0.9622	0.9629	0.9634	0.9766
TGCTT	0.9720	0.9445	0.9438	0.9546	0.9764
CTTGG	0.9569	0.9845	0.9999	0.9751	0.9757
CACGG	0.9813	1.0306	1.0456	0.9888	0.9754
AGGCC	0.9356	1.0296	1.0422	0.9936	0.9751
GGCAC	0.8201	0.9778	0.9855	0.9590	0.9750
ATGAC	0.9633	0.9892	0.9861	0.9890	0.9749
TCCAG	0.9960	1.0262	1.0456	0.9999	0.9746
AGCAC	0.9385	1.0153	1.0183	0.9963	0.9735
GCCAC	0.9176	1.0096	1.0367	0.9831	0.9734
CTGGC	0.9565	1.0347	1.0472	0.9870	0.9731
AGACA	0.9673	1.0366	1.0067	1.0153	0.9724
CCGGT	0.9501	1.0354	1.0664	0.9973	0.9722
AGGCT	1.0050	1.0237	1.0226	0.9813	0.9711
GAACC	0.9695	1.0079	1.0372	0.9951	0.9699
CGCGA	0.9102	0.9730	1.0248	0.9730	0.9692
AGCCA	0.9797	1.0292	1.0331	1.0027	0.9690
ATTAT	1.0515	0.9624	0.9135	0.9968	0.9660
GCTAA	1.0184	1.0050	0.9932	0.9930	0.9660
CCTTG	0.8465	0.9248	0.9428	0.9347	0.9651
GATTG	1.0355	0.9940	0.9884	0.9677	0.9647
ACTGA	1.0354	1.0168	1.0196	1.0010	0.9645
CGCGG	0.9370	0.9898	1.0464	0.9769	0.9640
AGCTA	1.0145	1.0132	0.9959	0.9899	0.9637
GACGA	0.9735	0.9880	1.0087	0.9788	0.9636
TCATG	1.0006	0.9632	0.9664	0.9565	0.9623
GCCAA	0.9983	1.0297	1.0345	0.9961	0.9607
CTTGA	0.8874	0.9369	0.9457	0.9527	0.9605
ATACG	1.0076	1.0191	0.9915	0.9974	0.9601
CCGCG	0.8815	0.9861	1.0632	0.9781	0.9600
AGGAC	1.0108	1.0155	1.0336	0.9858	0.9593
AACTG	1.0545	1.0247	1.0304	1.0018	0.9586
ATATT	1.0646	0.9841	0.9253	1.0122	0.9585
CTCAG	1.0108	1.0038	1.0353	0.9736	0.9583
TCTGG	1.0351	1.0228	1.0354	0.9943	0.9561
CAAGC	0.9771	1.0084	1.0224	0.9927	0.9555
TATTT	1.0321	0.9370	0.8751	0.9661	0.9552
CAGTT	0.9812	0.9584	0.9744	0.9623	0.9551
GGCTT	0.9825	0.9878	0.9963	0.9584	0.9549
TGCCC	0.8242	1.0038	1.0312	0.9796	0.9544
CGGGC	0.9520	1.0149	1.0606	0.9720	0.9542
CCCCA	0.9811	1.0606	1.1142	1.0142	0.9537
CACTG	1.0057	1.0227	1.0336	0.9773	0.9536
GACTA	1.0292	1.0231	1.0098	0.9947	0.9536
GACAA	1.0184	1.0258	1.0130	1.0078	0.9534
TGGAC	0.9993	0.9971	1.0165	0.9676	0.9532
TGACG	0.9295	0.9597	0.9787	0.9541	0.9532
CGGCA	0.9227	0.9966	1.0165	0.9665	0.9522
CCGGA	0.9829	1.0717	1.0959	1.0171	0.9509
GCGCC	0.7954	0.9573	1.0134	0.9535	0.9505
CGGTT	0.9753	0.9788	1.0008	0.9608	0.9504
TGCCG	0.9502	0.9877	1.0313	0.9578	0.9501
TTACG	0.9813	0.9546	0.9577	0.9442	0.9501
CCCCG	0.7887	1.0589	1.1230	1.0179	0.9497
GGACC	0.9820	1.0105	1.0477	0.9724	0.9494
CTAAG	1.0196	1.0135	1.0149	0.9904	0.9488
ACAGC	0.9730	1.0214	1.0254	0.9911	0.9482
ACCGG	1.0009	1.0726	1.0814	1.0098	0.9477
CCGTA	0.9477	0.9709	1.0251	0.9651	0.9475
TCAGT	1.0080	0.9509	0.9735	0.9499	0.9475
TGATT	1.0237	0.9546	0.9376	0.9503	0.9474
CTAGC	0.9901	1.0182	1.0245	0.9816	0.9470
TACTG	1.0405	1.0241	1.0109	0.9898	0.9466
GCCAT	0.9594	0.9899	0.9980	0.9625	0.9465
AACGT	1.0112	0.9511	0.9748	0.9604	0.9460
GCCGA	0.9260	1.0074	1.0451	0.9684	0.9449
CGAAA	1.0205	1.0374	1.0156	1.0094	0.9436
CCTAG	0.9460	1.0019	1.0247	0.9776	0.9432
CCTGC	0.9130	1.0048	1.0443	0.9693	0.9430
CGAGC	0.8679	0.9748	1.0147	0.9593	0.9427
ATGTC	0.9894	0.9612	0.9733	0.9633	0.9424
TAACG	1.0066	0.9847	0.9858	0.9673	0.9418
CCGCA	0.9277	1.0175	1.0544	0.9818	0.9418
AAATT	1.1245	1.0469	0.9638	1.0344	0.9409
GCCCA	0.8785	1.0188	1.0505	0.9791	0.9408
GCATT	0.9739	0.9670	0.9489	0.9541	0.9400
TGACA	0.8991	0.9619	0.9559	0.9664	0.9395
TAGAC	1.0218	1.0253	1.0151	0.9919	0.9393
CCCGG	0.7555	1.0601	1.0970	1.0174	0.9391
GTACT	1.0303	0.9925	0.9946	0.9697	0.9386
TTGAT	0.9927	0.9451	0.9324	0.9503	0.9385
CAGAT	1.0523	1.0376	1.0200	0.9996	0.9378
AAACG	1.0350	1.0238	1.0105	1.0068	0.9369
GCAAC	0.9839	1.0047	1.0234	0.9826	0.9363
ATTAA	1.0734	1.0040	0.9540	1.0187	0.9361
CGGCG	0.9284	0.9693	1.0386	0.9361	0.9359
CATTG	0.9886	0.9658	0.9662	0.9401	0.9358
AGACG	0.9629	1.0081	1.0063	0.9779	0.9358
GGATT	1.0262	1.0186	0.9918	0.9720	0.9357
CGCTG	0.9588	0.9805	1.0197	0.9466	0.9356
TGCCT	0.9172	0.9447	0.9630	0.9328	0.9355
TTAGC	0.9885	0.9861	0.9708	0.9551	0.9352
GATTA	1.0469	1.0001	0.9643	0.9816	0.9340
CACGC	0.9094	0.9828	1.0192	0.9586	0.9339
GCTAC	0.9871	1.0120	1.0144	0.9695	0.9339
GGCTC	0.9792	0.9968	1.0444	0.9437	0.9339
AGACT	1.0486	1.0347	1.0216	0.9846	0.9324
CACGT	0.9729	0.9630	0.9909	0.9538	0.9317
CCGAG	0.6535	0.9593	1.0003	0.9652	0.9315
GCTTA	0.9796	0.9586	0.9591	0.9511	0.9314
GCGAC	0.9231	0.9702	1.0248	0.9541	0.9285
ACTGC	1.0022	1.0141	1.0315	0.9758	0.9283
TATAC	1.0420	1.0291	0.9915	1.0112	0.9280
CAAAT	1.0722	1.0242	0.9970	1.0123	0.9280
CCCCT	0.9427	1.0451	1.0968	0.9944	0.9278
CACGA	0.9660	1.0078	1.0247	0.9703	0.9275
CCACG	0.9292	1.0011	1.0456	0.9676	0.9268
CGCAA	0.9925	0.9933	1.0180	0.9756	0.9258
CTTAG	0.9868	0.9697	0.9755	0.9479	0.9258
CTGTT	0.9942	0.9507	0.9709	0.9443	0.9249
CTCCA	0.9986	1.0027	1.0543	0.9641	0.9244
TAGCT	1.0155	0.9852	0.9888	0.9611	0.9241
GACGT	0.9477	0.9500	0.9765	0.9372	0.9241
ATTTA	1.0352	0.9585	0.8951	0.9736	0.9238
GCCGT	0.9657	0.9491	1.0242	0.9283	0.9235
GCCTA	0.9578	0.9882	0.9978	0.9514	0.9233
GTACC	0.9609	1.0145	1.0251	0.9674	0.9233
GCCCT	0.8762	0.9891	1.0242	0.9532	0.9224
TCTGT	1.0262	0.9575	0.9828	0.9496	0.9220
CGTAA	0.9935	0.9690	0.9809	0.9614	0.9218
CTTTG	0.9664	0.9446	0.9597	0.9348	0.9211
TCAGG	1.0068	1.0089	1.0098	0.9556	0.9208
AGCCC	0.8583	1.0386	1.0674	0.9887	0.9201
TTAAT	1.0482	0.9649	0.9246	0.9834	0.9187
GCTCA	1.0042	0.9909	1.0222	0.9585	0.9185
CGGAC	1.0028	0.9834	1.0618	0.9696	0.9183
TAGCC	0.9575	1.0260	1.0271	0.9701	0.9181
TCCGG	0.9769	1.0557	1.0787	0.9941	0.9176
GTCAG	1.0203	0.9885	1.0109	0.9516	0.9170
GATAC	0.9600	1.0053	0.9890	0.9771	0.9169
AATTT	1.0653	0.9842	0.9141	0.9787	0.9169
GCACT	0.9497	0.9859	1.0068	0.9516	0.9165
CCCGC	0.8003	1.0144	1.0935	0.9826	0.9163
CGGCT	0.9730	0.9977	1.0409	0.9571	0.9160
TTAAA	1.0886	1.0163	0.9660	1.0197	0.9153
CGGAT	1.0328	1.0312	1.0377	0.9737	0.9146
ACAAA	1.0993	1.0645	1.0270	1.0403	0.9144
CTCTG	1.0255	1.0090	1.0447	0.9670	0.9143
ACTTG	0.9660	0.9753	0.9882	0.9540	0.9142
GCCCG	0.6383	0.9886	1.0287	0.9623	0.9142
CAGCT	0.9824	0.9951	1.0222	0.9574	0.9141
ACGGC	0.9444	0.9950	1.0194	0.9512	0.9139
CCGAA	0.9108	1.0179	1.0404	0.9779	0.9138
AGCCG	0.9477	1.0186	1.0484	0.9648	0.9130
CGATA	0.9760	0.9825	0.9855	0.9627	0.9127
ACTCA	1.0318	1.0015	1.0198	0.9617	0.9127
AAGCT	1.0130	0.9969	1.0001	0.9734	0.9114
CTTGC	0.9250	0.9656	0.9821	0.9418	0.9113
AGCCT	0.9355	0.9845	0.9971	0.9558	0.9109
CCCAT	0.9450	1.0032	1.0387	0.9580	0.9106
GACAT	0.9344	0.9679	0.9638	0.9553	0.9094
GCCTC	0.9447	0.9808	1.0260	0.9422	0.9091
TTGGC	0.9215	0.9697	0.9891	0.9378	0.9084
CCTGA	0.8561	0.9940	1.0167	0.9618	0.9081
CAACG	0.9746	0.9886	1.0112	0.9515	0.9081
ATACA	1.0371	1.0329	0.9878	1.0090	0.9074
ATTGC	0.9995	0.9780	0.9759	0.9497	0.9070
GCCTT	0.8938	0.9142	0.9390	0.9109	0.9067
ACCTG	0.8891	1.0121	1.0262	0.9680	0.9066
CTGCT	0.9984	0.9964	1.0217	0.9612	0.9065
GCACC	0.7064	0.9547	0.9791	0.9367	0.9062
CTCCC	0.9957	0.9747	1.0923	0.9407	0.9051
CCGGC	0.9311	1.0368	1.0805	0.9708	0.9049
TTTTA	1.0222	0.9366	0.8681	0.9412	0.9048
AACGC	0.9638	0.9917	1.0099	0.9577	0.9047
CAAAA	1.1307	1.0985	1.0294	1.0381	0.9044
AACAA	1.0934	1.0469	1.0248	1.0242	0.9043
AAGCC	0.9439	1.0352	1.0436	0.9885	0.9042
CGGCC	0.9243	1.0034	1.0611	0.9550	0.9036
ACCCC	0.8630	1.0675	1.1019	1.0019	0.9034
CAGCC	0.9070	1.0049	1.0411	0.9688	0.9031
ACACG	0.9613	1.0076	1.0107	0.9642	0.9031
ACTCC	1.0034	0.9891	1.0553	0.9395	0.9031
CTCCG	0.9577	0.9916	1.0712	0.9563	0.9030
TTGCT	0.9872	0.9563	0.9604	0.9318	0.9030
TCAAG	1.0115	0.9827	0.9925	0.9582	0.9019
CAATA	1.0405	1.0125	0.9873	0.9907	0.9016
AACTC	1.0649	0.9938	1.0399	0.9619	0.9009
AAACA	1.0788	1.0627	1.0196	1.0323	0.9008
CTATA	1.0376	1.0100	0.9894	0.9955	0.9005
TAATT	1.0569	0.9795	0.9251	0.9783	0.9000
CCAAA	1.0556	1.0628	1.0533	0.9987	0.8987
CATAT	0.9978	0.9679	0.9494	0.9612	0.8985
CCACC	0.8625	1.0375	1.0724	0.9644	0.8982
CCAAT	1.0034	1.0039	1.0159	0.9621	0.8982
AGATT	1.0554	1.0087	0.9713	0.9801	0.8981
TGTCT	1.0033	0.9503	0.9664	0.9273	0.8970
TGACT	0.9938	0.9653	0.9793	0.9469	0.8967
CGCTA	0.9785	0.9849	1.0032	0.9429	0.8960
CCCAA	0.9773	1.0328	1.0707	0.9763	0.8957
AACCA	1.0500	1.0477	1.0399	0.9938	0.8953
GCTCC	0.9682	0.9576	1.0555	0.9273	0.8953
TCGGG	0.9651	1.0055	1.0406	0.9608	0.8949
CTGAT	1.0145	0.9934	1.0008	0.9547	0.8941
TTTAA	1.0400	0.9639	0.9146	0.9714	0.8940
CTCAA	1.0344	0.9935	1.0131	0.9535	0.8935
GTATC	1.0142	0.9525	0.9766	0.9459	0.8914
TCTAG	1.0269	0.9984	0.9933	0.9588	0.8913
CGCAC	0.9082	0.9807	1.0206	0.9462	0.8902
TCTGC	1.0000	0.9984	1.0226	0.9550	0.8902
GACCA	1.0028	1.0253	1.0369	0.9611	0.8897
CCTCC	0.9714	0.9955	1.0761	0.9509	0.8888
GGATC	1.0378	1.0393	1.0405	0.9672	0.8885
GGTCA	1.0326	1.0089	1.0273	0.9591	0.8863
GAGTC	0.9442	0.9712	1.0095	0.9573	0.8858
CCACA	0.9749	1.0222	1.0475	0.9597	0.8854
AGCTT	0.9700	0.9493	0.9667	0.9331	0.8852
CCCGT	0.7853	0.9703	1.0443	0.9489	0.8849
AACTA	1.0850	1.0356	1.0119	0.9954	0.8846
GGTTC	0.9765	0.9867	0.9999	0.9401	0.8845
CTACG	0.9865	1.0084	1.0146	0.9468	0.8844
ACGAT	1.0137	0.9762	0.9821	0.9477	0.8842
TCAGA	1.0525	1.0199	1.0112	0.9638	0.8831
AATAC	1.0552	1.0520	1.0043	1.0031	0.8830
CCATA	0.9845	1.0048	1.0091	0.9577	0.8830
CCCAC	0.9328	1.0271	1.0826	0.9616	0.8825
TACAA	1.0656	1.0158	0.9880	0.9957	0.8824
CCGCT	0.9490	0.9945	1.0521	0.9437	0.8823
GATTT	1.0180	0.9581	0.9130	0.9279	0.8819
CTGCC	0.9184	0.9907	1.0387	0.9388	0.8817
TGTTC	0.9924	0.9369	0.9593	0.9212	0.8810
TTATT	1.0118	0.9175	0.8771	0.9326	0.8809
ACATA	1.0244	1.0022	0.9729	0.9838	0.8807
ACCGC	0.9585	1.0134	1.0502	0.9466	0.8797
AAGAC	1.0192	1.0477	1.0242	0.9829	0.8783
AAAAC	1.1330	1.1171	1.0352	1.0372	0.8781
TCAGC	0.9888	0.9797	1.0063	0.9362	0.8777
TTTTT	1.0198	0.9123	0.8297	0.8974	0.8772
CACCG	0.9009	1.0132	1.0419	0.9377	0.8765
TCCCA	1.0238	0.9963	1.0478	0.9338	0.8756
ACACA	0.9813	1.0141	1.0057	0.9787	0.8748
GACAC	0.7608	0.9487	0.9570	0.9279	0.8743
TGTCC	0.9762	0.9732	1.0037	0.9330	0.8736
GACGC	0.8401	0.9483	0.9811	0.9156	0.8731
CATAA	1.0278	1.0075	0.9803	0.9785	0.8728
CAGAC	1.0023	1.0463	1.0412	0.9666	0.8728
TCGGA	1.0166	0.9777	1.0238	0.9470	0.8726
TCCCC	0.9796	1.0315	1.0993	0.9710	0.8724
ACTAA	1.0658	1.0307	1.0058	0.9898	0.8724
ATTTT	1.0428	0.9443	0.8641	0.9244	0.8724
AACCG	1.0069	1.0362	1.0546	0.9742	0.8723
TCGAG	0.8784	0.9562	0.9906	0.9311	0.8722
GACTC	0.9988	0.9880	1.0324	0.9328	0.8718
GACTT	0.9910	0.9615	0.9765	0.9330	0.8715
GTCTA	1.0116	0.9784	0.9895	0.9396	0.8713
ATAAC	1.0526	1.0345	1.0065	0.9953	0.8706
AACCC	0.9212	1.0634	1.0842	0.9974	0.8705
CCACT	0.9878	1.0091	1.0422	0.9470	0.8702
CACCA	0.9251	1.0148	1.0301	0.9502	0.8702
ACCAA	1.0371	1.0377	1.0405	0.9761	0.8699
TGTCA	0.9936	0.9575	0.9670	0.9248	0.8695
ACAAT	1.0411	0.9940	0.9838	0.9724	0.8690
CCCGA	0.6252	0.9806	1.0220	0.9550	0.8684
GACCC	0.8357	1.0061	1.0519	0.9531	0.8683
GTCCA	0.9868	0.9862	1.0215	0.9481	0.8670
GACCG	0.9854	1.0107	1.0485	0.9363	0.8665
TGCTC	0.9923	0.9661	1.0108	0.9352	0.8658
ATCAG	1.0365	1.0053	0.9917	0.9537	0.8655
TTCAG	1.0034	0.9667	0.9690	0.9285	0.8652
TCTGA	1.0303	0.9950	1.0084	0.9524	0.8651
ACGCT	0.9588	0.9688	0.9907	0.9226	0.8647
ACCCA	0.8779	1.0298	1.0537	0.9689	0.8646
ACCGA	0.9410	1.0132	1.0368	0.9520	0.8636
CCCTA	0.9336	0.9991	1.0376	0.9446	0.8636
CGTTT	0.9323	0.8899	0.9164	0.8821	0.8634
GTCGG	0.9490	0.9429	1.0319	0.9218	0.8632
ACCAC	0.9661	1.0361	1.0466	0.9567	0.8631
GGTCC	0.9841	0.9963	1.0445	0.9483	0.8630
CACAA	1.0284	1.0224	1.0261	0.9778	0.8628
AGCTC	0.9963	0.9634	1.0259	0.9314	0.8626
CCTAT	0.9704	0.9724	0.9876	0.9326	0.8625
GTCCC	0.9655	0.9974	1.0569	0.9428	0.8624
TCCTG	0.9565	0.9791	1.0097	0.9225	0.8623
TTGCC	0.9239	0.9703	0.9868	0.9218	0.8621
ACTAT	1.0417	0.9958	0.9758	0.9617	0.8612
CCCTT	0.8826	0.9495	0.9903	0.9065	0.8606
CTAAA	1.0716	1.0356	1.0044	0.9816	0.8602
GCTTT	0.9595	0.9267	0.9290	0.9043	0.8599
CGTAC	0.9805	0.9738	1.0105	0.9331	0.8596
CCCTC	0.9508	0.9951	1.0768	0.9491	0.8596
GGTCT	1.0157	0.9897	1.0080	0.9296	0.8594
TACCC	0.8664	1.0366	1.0455	0.9677	0.8594
CACAC	0.9120	1.0107	1.0204	0.9482	0.8589
AAACT	1.1105	1.0478	1.0269	0.9926	0.8576
CTAAT	1.0259	0.9832	0.9709	0.9535	0.8575
TACCG	0.9909	1.0186	1.0331	0.9478	0.8575
TAAAC	1.0724	1.0334	1.0165	0.9932	0.8571
CGCCA	0.9269	0.9947	1.0294	0.9267	0.8567
TACCA	1.0365	1.0358	1.0201	0.9559	0.8566
TCCGC	0.9449	0.9856	1.0462	0.9370	0.8564
TCCAA	1.0167	1.0121	1.0242	0.9543	0.8563
GTCCG	0.9619	0.9738	1.0347	0.9338	0.8561
CCGAT	0.9107	0.9918	1.0268	0.9402	0.8557
TCGGT	0.9884	0.9483	0.9946	0.9148	0.8557
TCTTG	0.9605	0.9400	0.9535	0.9094	0.8549
CACAT	0.9766	0.9753	0.9825	0.9361	0.8544
CCGCC	0.8624	0.9975	1.0693	0.9294	0.8542
TACTA	1.0567	1.0159	0.9880	0.9668	0.8537
TACAT	1.0091	0.9603	0.9444	0.9409	0.8532
ATCTG	1.0306	0.9958	1.0037	0.9516	0.8532
GAATC	1.0046	0.9961	1.0039	0.9621	0.8518
TGACC	0.9317	0.9868	1.0099	0.9266	0.8516
TAACA	1.0339	1.0035	0.9808	0.9666	0.8511
GTTCA	0.9931	0.9514	0.9687	0.9227	0.8509
TTCTG	1.0248	0.9789	0.9818	0.9320	0.8509
AACAT	1.0288	0.9940	0.9711	0.9623	0.8503
CACTA	1.0044	1.0059	1.0060	0.9469	0.8491
ACCCG	0.6212	0.9815	1.0101	0.9553	0.8485
ATACT	1.0536	1.0287	0.9952	0.9694	0.8483
AGACC	0.9694	1.0346	1.0418	0.9595	0.8483
TCCCG	0.8613	0.9849	1.0663	0.9364	0.8472
TCCCT	0.9646	0.9588	1.0188	0.9076	0.8470
CAATT	1.0120	0.9587	0.9507	0.9310	0.8465
TGGTC	1.0219	0.9894	1.0109	0.9308	0.8463
GGTCG	0.9837	0.9799	1.0323	0.9200	0.8463
TCGTG	0.9694	0.9331	0.9758	0.8944	0.8461
ACGTT	0.9723	0.9140	0.9434	0.8961	0.8447
TACAC	0.9410	1.0056	0.9874	0.9484	0.8446
GCTCG	0.9327	0.9674	1.0321	0.9227	0.8445
CACCC	0.5762	0.9634	0.9901	0.9252	0.8436
CGCTT	0.9432	0.9325	0.9735	0.8975	0.8433
CAACA	1.0143	1.0063	1.0121	0.9551	0.8432
CTTAT	0.9738	0.9215	0.9203	0.9090	0.8432
CTCTA	1.0275	0.9814	1.0138	0.9353	0.8425
CTCCT	1.0014	0.9537	1.0224	0.8933	0.8419
TCCAT	0.9752	0.9726	0.9841	0.9193	0.8419
GTCAA	1.0332	0.9891	0.9957	0.9422	0.8409
GTTTC	0.9660	0.9276	0.9402	0.8975	0.8403
CCATT	0.9532	0.9556	0.9669	0.9071	0.8401
CCAAC	0.9868	1.0137	1.0569	0.9454	0.8399
GTTCG	0.9702	0.9355	0.9906	0.9065	0.8398
CCTCA	0.9714	0.9784	1.0237	0.9230	0.8393
CATTA	0.9829	0.9387	0.9251	0.9181	0.8391
CGAAC	0.9914	0.9876	1.0333	0.9349	0.8390
ACTTA	1.0113	0.9622	0.9544	0.9310	0.8385
ATACC	0.9546	1.0413	1.0212	0.9658	0.8378
TCCAC	0.9602	1.0021	1.0418	0.9349	0.8378
AACAC	0.9739	1.0197	1.0121	0.9602	0.8371
AAACC	1.0381	1.0879	1.0608	0.9992	0.8370
TTCCA	0.9713	0.9883	0.9954	0.9242	0.8368
CTCGG	0.9653	0.9839	1.0500	0.9324	0.8364
CTACA	1.0047	0.9990	0.9996	0.9432	0.8360
CGACT	0.9790	0.9847	1.0230	0.9214	0.8357
CGCCC	0.7086	0.9636	1.0262	0.9095	0.8354
TAACT	1.0472	0.9902	0.9856	0.9441	0.8351
CATAC	0.9867	1.0175	0.9994	0.9465	0.8345
GCTCT	1.0021	0.9589	1.0016	0.9090	0.8345
GTCAT	0.9946	0.9583	0.9651	0.9127	0.8342
ACCAT	1.0004	0.9960	0.9961	0.9314	0.8341
CACCT	0.8126	0.9701	0.9983	0.9152	0.8336
GATCG	1.0231	1.0082	1.0294	0.9299	0.8335
CCTCT	0.9967	0.9800	1.0325	0.9183	0.8324
CAAAC	1.0467	1.0369	1.0463	0.9788	0.8323
ACCCT	0.8648	0.9904	1.0240	0.9364	0.8322
GATCA	1.0447	1.0114	1.0092	0.9400	0.8321
TTCGG	0.9944	0.9729	0.9992	0.9243	0.8307
ACCGT	0.9981	0.9828	1.0221	0.9168	0.8305
ACTAC	1.0278	1.0234	1.0176	0.9477	0.8293
TAACC	0.9953	1.0274	1.0351	0.9628	0.8289
ACTCT	1.0390	0.9807	1.0130	0.9236	0.8289
GACCT	0.9580	0.9708	1.0087	0.9095	0.8286
AGGTC	1.0015	0.9874	1.0204	0.9275	0.8276
ATCGG	1.0158	0.9905	1.0186	0.9312	0.8269
GTCGA	0.9956	0.9619	1.0103	0.9127	0.8268
GTTCC	0.9357	0.9705	1.0019	0.9136	0.8260
GCATC	0.9294	0.9722	0.9883	0.9166	0.8258
CTATT	0.9986	0.9471	0.9310	0.9105	0.8249
TCACG	0.9816	0.9606	0.9995	0.9130	0.8249
CTCAT	0.9995	0.9512	0.9800	0.9036	0.8248
GTCAC	0.9547	0.9693	1.0001	0.9175	0.8247
CGACA	0.8963	0.9809	0.9973	0.9221	0.8243
CTACC	0.9662	1.0231	1.0479	0.9312	0.8237
TCAAA	1.0895	1.0182	1.0008	0.9667	0.8234
CAACT	1.0353	0.9974	1.0272	0.9376	0.8228
CGTTG	0.9555	0.9303	0.9843	0.8879	0.8227
TTGAC	0.8944	0.9328	0.9386	0.8986	0.8222
TACTC	1.0421	1.0006	1.0158	0.9277	0.8222
TTACA	0.9976	0.9480	0.9321	0.9255	0.8216
TCGAA	1.0309	0.9774	0.9929	0.9248	0.8215
CAACC	0.9600	1.0198	1.0558	0.9479	0.8213
CCTTA	0.9207	0.9303	0.9516	0.8879	0.8211
AGTCT	1.0070	0.9680	0.9906	0.9294	0.8206
CTGAC	0.9551	0.9827	1.0121	0.9305	0.8205
CCTAA	0.9808	0.9856	1.0021	0.9201	0.8203
ACACC	0.7009	0.9733	0.9729	0.9157	0.8198
CGTTA	0.9632	0.9231	0.9421	0.8881	0.8196
ACAAC	1.0197	1.0210	1.0274	0.9576	0.8179
TCCGT	0.9532	0.9485	1.0006	0.9108	0.8177
TCCGA	0.9114	0.9892	1.0303	0.9298	0.8169
TCGGC	0.9454	0.9492	1.0159	0.8949	0.8166
AACCT	1.0047	1.0071	1.0211	0.9435	0.8165
TCAAT	1.0258	0.9499	0.9557	0.9154	0.8164
ATTAC	1.0168	0.9779	0.9521	0.9329	0.8161
GCTTC	0.9655	0.9574	0.9961	0.8976	0.8159
ACCTA	0.9767	0.9941	1.0038	0.9322	0.8157
CTTAA	0.9938	0.9503	0.9486	0.9195	0.8152
CGCCT	0.8598	0.9333	0.9868	0.8904	0.8145
CCTAC	0.9587	0.9932	1.0283	0.9127	0.8138
TTTAC	0.9853	0.9331	0.9167	0.9024	0.8137
TACCT	0.9772	0.9865	0.9886	0.9140	0.8134
TCTAT	1.0275	0.9607	0.9608	0.9271	0.8130
AGTCA	1.0148	0.9837	0.9995	0.9403	0.8125
CTACT	1.0303	0.9984	1.0145	0.9215	0.8119
ACACT	0.9460	0.9903	0.9918	0.9252	0.8112
CCTTT	0.9086	0.9007	0.9282	0.8660	0.8098
CGACG	0.9110	0.9508	1.0085	0.8921	0.8096
CTCGA	0.9023	0.9737	1.0063	0.9116	0.8096
AACTT	1.0354	0.9670	0.9790	0.9205	0.8094
TGATC	1.0291	0.9925	0.9967	0.9203	0.8082
TCTCC	1.0183	0.9812	1.0438	0.9086	0.8079
ATCCA	1.0133	1.0240	1.0213	0.9434	0.8070
CATTT	0.9679	0.9189	0.9002	0.8896	0.8062
CTTTA	0.9698	0.9176	0.9154	0.8988	0.8054
CTCAC	0.9818	0.9874	1.0355	0.9131	0.8044
CACTC	0.9176	0.9793	1.0227	0.9075	0.8043
GATCC	0.9905	1.0101	1.0272	0.9338	0.8036
ATCCC	0.9718	1.0212	1.0532	0.9350	0.8023
ACGCC	0.7935	0.9589	0.9941	0.8932	0.8020
CTAAC	1.0151	1.0037	1.0206	0.9272	0.8018
ACCTC	0.9833	0.9937	1.0432	0.9192	0.8012
GTCTC	1.0081	0.9615	1.0085	0.8973	0.8008
GTCTT	0.9699	0.9270	0.9433	0.8836	0.8006
GTCCT	0.9694	0.9451	0.9920	0.8980	0.8001
TTCCC	0.9559	0.9834	1.0280	0.9080	0.7998
TCGCG	0.9292	0.9295	0.9955	0.8785	0.7982
TTAAC	1.0031	0.9604	0.9558	0.9207	0.7981
TTACC	0.9643	0.9874	0.9860	0.9124	0.7979
ACATT	0.9818	0.9405	0.9302	0.9064	0.7979
ATTCA	1.0021	0.9619	0.9462	0.9185	0.7975
ACGAC	0.9555	0.9998	1.0169	0.9143	0.7970
CCTCG	0.9297	0.9713	1.0389	0.9051	0.7969
TTACT	1.0200	0.9530	0.9416	0.9024	0.7967
CGATT	0.9784	0.9528	0.9629	0.8909	0.7963
AGATC	1.0435	1.0083	1.0106	0.9386	0.7956
GTTCT	0.9866	0.9344	0.9615	0.8834	0.7952
GATTC	0.9799	0.9704	0.9808	0.9093	0.7941
GCGTC	0.9293	0.9314	1.0020	0.8859	0.7940
TACTT	1.0070	0.9519	0.9463	0.9003	0.7936
AGTCC	0.9817	0.9873	1.0372	0.9331	0.7929
CCGTT	0.9145	0.9369	0.9899	0.8769	0.7921
CACTT	0.9624	0.9504	0.9732	0.8985	0.7914
TATCA	1.0294	0.9527	0.9493	0.9156	0.7910
TTCCG	0.9381	0.9807	1.0097	0.9086	0.7888
CTCTC	1.0216	0.9568	1.0262	0.8813	0.7887
AGTTC	0.9683	0.9513	0.9859	0.9078	0.7878
TCTAA	1.0579	0.9962	0.9868	0.9292	0.7878
CCGAC	0.8815	0.9948	1.0505	0.9142	0.7873
ATTCC	0.9541	0.9895	1.0027	0.9153	0.7870
CGCTC	0.9452	0.9533	1.0278	0.8868	0.7869
ATCAA	1.0635	0.9960	0.9873	0.9423	0.7863
TCCTA	0.9937	0.9675	0.9898	0.8911	0.7863
ATCCG	0.9228	1.0175	1.0273	0.9388	0.7859
TCATA	1.0154	0.9636	0.9524	0.9112	0.7858
TGTCG	0.9691	0.9240	0.9854	0.8767	0.7856
GATCT	1.0296	0.9722	0.9866	0.9071	0.7848
CGGTC	0.9823	0.9774	1.0418	0.8999	0.7846
CTCGC	0.9392	0.9585	1.0216	0.8846	0.7844
AATCA	1.0582	1.0040	0.9824	0.9464	0.7838
TCGCA	0.9772	0.9529	0.9940	0.8894	0.7837
TCACA	1.0064	0.9850	0.9971	0.9151	0.7836
TATCC	1.0049	1.0022	1.0086	0.9264	0.7836
CGCCG	0.9092	0.9332	1.0444	0.8760	0.7835
TTCGA	0.9783	0.9449	0.9642	0.8871	0.7828
TATTC	1.0177	0.9624	0.9479	0.9144	0.7828
TTCAA	1.0238	0.9558	0.9548	0.9118	0.7826
CTGTC	1.0044	0.9808	1.0218	0.9002	0.7809
ACCTT	0.9211	0.9350	0.9585	0.8787	0.7806
TCGTA	1.0055	0.9426	0.9678	0.8886	0.7805
CCATC	0.9761	0.9849	1.0269	0.8997	0.7800
TAGTC	1.0198	0.9646	0.9935	0.9101	0.7799
AATTC	1.0202	0.9977	0.9766	0.9354	0.7781
TCACC	0.8637	0.9745	1.0058	0.8920	0.7772
AATCC	1.0334	1.0466	1.0434	0.9495	0.7760
CTTTT	0.9608	0.8993	0.8825	0.8530	0.7757
ACTTT	1.0079	0.9395	0.9392	0.8950	0.7748
ACTCG	0.9291	0.9778	1.0143	0.9068	0.7747
TCTCA	1.0274	0.9609	0.9892	0.8858	0.7744
CTTCC	0.9603	0.9615	1.0184	0.8768	0.7742
ATCGA	1.0271	0.9831	0.9891	0.9085	0.7741
CTTAC	0.9729	0.9560	0.9709	0.8867	0.7741
TCAAC	1.0093	0.9734	0.9996	0.9020	0.7733
CTCTT	1.0002	0.9376	0.9654	0.8740	0.7722
CTTCA	0.9856	0.9422	0.9737	0.8820	0.7702
ATATC	1.0365	0.9828	0.9716	0.9335	0.7690
GTCGC	0.9300	0.9162	0.9943	0.8660	0.7686
AAGTC	1.0228	0.9895	1.0170	0.9356	0.7684
CGACC	0.9097	0.9908	1.0491	0.8929	0.7659
CATCC	0.8874	0.9853	1.0103	0.8920	0.7658
TCTAC	1.0176	0.9839	1.0074	0.9062	0.7657
TATCT	1.0381	0.9561	0.9572	0.9077	0.7657
ATCTA	1.0586	0.9959	0.9781	0.9300	0.7655
CATCA	0.9955	0.9633	0.9756	0.8897	0.7641
TCACT	1.0044	0.9618	0.9898	0.8886	0.7641
CAGTC	0.9964	0.9756	1.0253	0.9109	0.7637
TTCAC	0.9553	0.9481	0.9702	0.8876	0.7634
TCTCT	1.0285	0.9479	0.9890	0.8785	0.7621
TCCTT	0.9424	0.8995	0.9349	0.8499	0.7617
TCGAT	0.9922	0.9450	0.9666	0.8823	0.7607
ATCAC	0.9918	0.9887	0.9928	0.9054	0.7601
TCCTC	1.0017	0.9662	1.0255	0.8821	0.7587
CCTTC	0.9480	0.9435	0.9981	0.8696	0.7566
AATCT	1.0790	1.0009	0.9913	0.9355	0.7562
ATTCG	0.9785	0.9533	0.9658	0.8984	0.7561
GTCGT	0.9762	0.9252	0.9840	0.8583	0.7549
ATCAT	1.0258	0.9428	0.9395	0.8862	0.7531
TTCAT	0.9858	0.9110	0.9126	0.8636	0.7529
AAATC	1.1124	1.0519	1.0121	0.9595	0.7518
CGATC	1.0031	0.9864	1.0261	0.9000	0.7499
CTATC	1.0129	0.9804	0.9965	0.8945	0.7463
ACTTC	1.0055	0.9546	0.9936	0.8769	0.7463
CATCT	0.9876	0.9570	0.9777	0.8794	0.7440
TTCTA	1.0240	0.9631	0.9506	0.8887	0.7436
TCATT	0.9872	0.8998	0.9072	0.8518	0.7430
TAATC	1.0659	0.9931	0.9843	0.9217	0.7430
TCTTA	1.0034	0.9309	0.9294	0.8723	0.7429
TTCGC	0.9548	0.9314	0.9760	0.8655	0.7404
TTTCC	0.9857	0.9718	0.9616	0.8801	0.7399
CTTCT	0.9938	0.9326	0.9695	0.8586	0.7393
TATCG	1.0078	0.9480	0.9673	0.8788	0.7390
CATTC	0.9631	0.9549	0.9685	0.8732	0.7389
TTCCT	0.9507	0.9341	0.9548	0.8572	0.7389
CTCGT	0.9769	0.9320	0.9970	0.8641	0.7372
ATTCT	1.0292	0.9729	0.9556	0.8943	0.7346
TTTCA	0.9909	0.9193	0.9089	0.8618	0.7344
ATCCT	0.9985	0.9777	0.9877	0.8858	0.7339
TCTTT	0.9870	0.9011	0.9001	0.8485	0.7305
TCGCT	0.9663	0.9255	0.9792	0.8508	0.7303
CTTCG	0.9776	0.9515	0.9947	0.8661	0.7292
AGTCG	0.9704	0.9454	1.0078	0.8806	0.7273
TTGTC	0.9826	0.9180	0.9520	0.8536	0.7263
ATCTC	1.0363	0.9708	1.0061	0.8871	0.7260
CAATC	1.0294	0.9874	1.0154	0.9039	0.7246
TCGAC	0.9567	0.9602	1.0006	0.8662	0.7241
TTATC	1.0138	0.9284	0.9275	0.8700	0.7213
TTTCT	1.0155	0.9291	0.9099	0.8534	0.7186
CATCG	0.9829	0.9553	1.0006	0.8663	0.7180
TCTCG	0.9719	0.9353	0.9903	0.8461	0.7179
TTTCG	0.9763	0.9106	0.9286	0.8443	0.7171
TTCTC	1.0109	0.9417	0.9737	0.8535	0.7170
ACATC	0.9383	0.9598	0.9760	0.8753	0.7164
ATCGC	0.9745	0.9507	0.9919	0.8614	0.7152
AATCG	1.0429	0.9746	0.9975	0.8958	0.7137
ATCTT	1.0140	0.9311	0.9353	0.8712	0.7133
ATTTC	1.0141	0.9483	0.9227	0.8732	0.7098
TTCTT	0.9777	0.9049	0.9044	0.8353	0.7093
CGTCT	0.9621	0.9239	0.9895	0.8538	0.7050
CGTTC	0.9541	0.9156	0.9816	0.8454	0.7044
ATCGT	1.0193	0.9345	0.9735	0.8620	0.7022
CGTCC	0.9406	0.9367	1.0227	0.8636	0.7016
TTCGT	0.9763	0.8972	0.9353	0.8410	0.6971
CTTTC	0.9845	0.9311	0.9567	0.8447	0.6949
TTTTC	1.0020	0.9186	0.8848	0.8324	0.6924
TCGCC	0.9005	0.9215	1.0010	0.8371	0.6905
CCGTC	0.9437	0.9511	1.0405	0.8602	0.6874
TCTTC	1.0064	0.9318	0.9691	0.8385	0.6827
CGTCA	0.9628	0.9413	0.9865	0.8504	0.6825
ACGTC	0.9564	0.9298	0.9880	0.8518	0.6717
TCATC	0.9978	0.9403	0.9710	0.8383	0.6696
CGTCG	0.9270	0.8804	1.0050	0.8165	0.6431
TCGTT	0.9699	0.8848	0.9359	0.8041	0.6378
TCGTC	0.9765	0.8967	0.9907	0.8113	0.5956
